ANTONIO;GARCIA;usu1@gmail.com;123;0;622622622;1
MANUEL;RODRIGUEZ;usu2@gmail.com;123;0;622622622;2
JOSE;GONZALEZ;usu3@gmail.com;123;0;622622622;3
FRANCISCO;FERNANDEZ;usu4@gmail.com;123;0;622622622;1
DAVID;LOPEZ;usu5@gmail.com;123;0;622622622;2
JUAN;MARTINEZ;usu6@gmail.com;123;0;622622622;3
JAVIER;SANCHEZ;usu7@gmail.com;123;0;622622622;1
JOSE ANTONIO;PEREZ;usu8@gmail.com;123;0;622622622;2
DANIEL;GOMEZ;usu9@gmail.com;123;0;622622622;3
FRANCISCO JAVIER;MARTIN;usu10@gmail.com;123;0;622622622;1
JOSE LUIS;JIMENEZ;usu11@gmail.com;123;0;622622622;2
CARLOS;HERNANDEZ;usu12@gmail.com;123;0;622622622;3
JESUS;RUIZ;usu13@gmail.com;123;0;622622622;1
ALEJANDRO;DIAZ;usu14@gmail.com;123;0;622622622;2
MIGUEL;MORENO;usu15@gmail.com;123;0;622622622;3
JOSE MANUEL;MUÑOZ;usu16@gmail.com;123;0;622622622;1
RAFAEL;ALVAREZ;usu17@gmail.com;123;0;622622622;2
MIGUEL ANGEL;ROMERO;usu18@gmail.com;123;0;622622622;3
PABLO;GUTIERREZ;usu19@gmail.com;123;0;622622622;1
PEDRO;ALONSO;usu20@gmail.com;123;0;622622622;2
ANGEL;NAVARRO;usu21@gmail.com;123;0;622622622;3
SERGIO;TORRES;usu22@gmail.com;123;0;622622622;1
JOSE MARIA;DOMINGUEZ;usu23@gmail.com;123;0;622622622;2
FERNANDO;RAMOS;usu24@gmail.com;123;0;622622622;3
JORGE;VAZQUEZ;usu25@gmail.com;123;0;622622622;1
LUIS;RAMIREZ;usu26@gmail.com;123;0;622622622;2
ALBERTO;GIL;usu27@gmail.com;123;0;622622622;3
ALVARO;SERRANO;usu28@gmail.com;123;0;622622622;1
JUAN CARLOS;MORALES;usu29@gmail.com;123;0;622622622;2
ADRIAN;MOLINA;usu30@gmail.com;123;0;622622622;3
DIEGO;BLANCO;usu31@gmail.com;123;0;622622622;1
JUAN JOSE;SUAREZ;usu32@gmail.com;123;0;622622622;2
RAUL;CASTRO;usu33@gmail.com;123;0;622622622;3
IVAN;ORTEGA;usu34@gmail.com;123;0;622622622;1
JUAN ANTONIO;DELGADO;usu35@gmail.com;123;0;622622622;2
RUBEN;ORTIZ;usu36@gmail.com;123;0;622622622;3
ENRIQUE;MARIN;usu37@gmail.com;123;0;622622622;1
OSCAR;RUBIO;usu38@gmail.com;123;0;622622622;2
RAMON;NUÑEZ;usu39@gmail.com;123;0;622622622;3
ANDRES;SANZ;usu40@gmail.com;123;0;622622622;1
JUAN MANUEL;MEDINA;usu41@gmail.com;123;0;622622622;2
VICENTE;IGLESIAS;usu42@gmail.com;123;0;622622622;3
SANTIAGO;CASTILLO;usu43@gmail.com;123;0;622622622;1
JOAQUIN;CORTES;usu44@gmail.com;123;0;622622622;2
MARIO;GARRIDO;usu45@gmail.com;123;0;622622622;3
VICTOR;SANTOS;usu46@gmail.com;123;0;622622622;1
EDUARDO;GUERRERO;usu47@gmail.com;123;0;622622622;2
ROBERTO;LOZANO;usu48@gmail.com;123;0;622622622;3
JAIME;CANO;usu49@gmail.com;123;0;622622622;1
FRANCISCO JOSE;MENDEZ;usu50@gmail.com;123;0;622622622;2
MARCOS;CRUZ;usu51@gmail.com;123;0;622622622;3
HUGO;PRIETO;usu52@gmail.com;123;0;622622622;1
IGNACIO;FLORES;usu53@gmail.com;123;0;622622622;2
JORDI;HERRERA;usu54@gmail.com;123;0;622622622;3
ALFONSO;PEÑA;usu55@gmail.com;123;0;622622622;1
RICARDO;LEON;usu56@gmail.com;123;0;622622622;2
SALVADOR;MARQUEZ;usu57@gmail.com;123;0;622622622;3
GUILLERMO;CABRERA;usu58@gmail.com;123;0;622622622;1
MARC;GALLEGO;usu59@gmail.com;123;0;622622622;2
GABRIEL;CALVO;usu60@gmail.com;123;0;622622622;3
MOHAMED;VIDAL;usu61@gmail.com;123;0;622622622;1
EMILIO;CAMPOS;usu62@gmail.com;123;0;622622622;2
GONZALO;REYES;usu63@gmail.com;123;0;622622622;3
MARTIN;VEGA;usu64@gmail.com;123;0;622622622;1
JOSE MIGUEL;FUENTES;usu65@gmail.com;123;0;622622622;2
JULIO;CARRASCO;usu66@gmail.com;123;0;622622622;3
JULIAN;DIEZ;usu67@gmail.com;123;0;622622622;1
TOMAS;AGUILAR;usu68@gmail.com;123;0;622622622;2
NICOLAS;CABALLERO;usu69@gmail.com;123;0;622622622;3
AGUSTIN;NIETO;usu70@gmail.com;123;0;622622622;1
JOSE RAMON;SANTANA;usu71@gmail.com;123;0;622622622;2
SAMUEL;PASCUAL;usu72@gmail.com;123;0;622622622;3
ISMAEL;HERRERO;usu73@gmail.com;123;0;622622622;1
CRISTIAN;VARGAS;usu74@gmail.com;123;0;622622622;2
LUCAS;GIMENEZ;usu75@gmail.com;123;0;622622622;3
JOAN;MONTERO;usu76@gmail.com;123;0;622622622;1
FELIX;HIDALGO;usu77@gmail.com;123;0;622622622;2
AITOR;LORENZO;usu78@gmail.com;123;0;622622622;3
HECTOR;SANTIAGO;usu79@gmail.com;123;0;622622622;1
IKER;IBAÑEZ;usu80@gmail.com;123;0;622622622;2
ALEX;DURAN;usu81@gmail.com;123;0;622622622;3
JUAN FRANCISCO;BENITEZ;usu82@gmail.com;123;0;622622622;1
JOSE CARLOS;FERRER;usu83@gmail.com;123;0;622622622;2
JOSEP;ARIAS;usu84@gmail.com;123;0;622622622;3
SEBASTIAN;MORA;usu85@gmail.com;123;0;622622622;1
CESAR;CARMONA;usu86@gmail.com;123;0;622622622;2
MARIANO;VICENTE;usu87@gmail.com;123;0;622622622;3
ALFREDO;ROJAS;usu88@gmail.com;123;0;622622622;1
DOMINGO;SOTO;usu89@gmail.com;123;0;622622622;2
MATEO;CRESPO;usu90@gmail.com;123;0;622622622;3
JOSE ANGEL;ROMAN;usu91@gmail.com;123;0;622622622;1
RODRIGO;PASTOR;usu92@gmail.com;123;0;622622622;2
VICTOR MANUEL;VELASCO;usu93@gmail.com;123;0;622622622;3
FELIPE;PARRA;usu94@gmail.com;123;0;622622622;1
JOSE IGNACIO;SAEZ;usu95@gmail.com;123;0;622622622;2
LUIS MIGUEL;MOYA;usu96@gmail.com;123;0;622622622;3
JOSE FRANCISCO;BRAVO;usu97@gmail.com;123;0;622622622;1
XAVIER;SOLER;usu98@gmail.com;123;0;622622622;2
JUAN LUIS;GALLARDO;usu99@gmail.com;123;0;622622622;3
ALBERT;RIVERA;usu100@gmail.com;123;0;622622622;1
MARIA CARMEN;GARCIA;usu101@gmail.com;123;0;622622622;2
MARIA;RODRIGUEZ;usu102@gmail.com;123;0;622622622;3
CARMEN;GONZALEZ;usu103@gmail.com;123;0;622622622;1
ANA MARIA;FERNANDEZ;usu104@gmail.com;123;0;622622622;2
MARIA PILAR;LOPEZ;usu105@gmail.com;123;0;622622622;3
LAURA;MARTINEZ;usu106@gmail.com;123;0;622622622;1
JOSEFA;SANCHEZ;usu107@gmail.com;123;0;622622622;2
ISABEL;PEREZ;usu108@gmail.com;123;0;622622622;3
MARIA DOLORES;GOMEZ;usu109@gmail.com;123;0;622622622;1
MARIA TERESA;MARTIN;usu110@gmail.com;123;0;622622622;2
ANA;JIMENEZ;usu111@gmail.com;123;0;622622622;3
MARTA;HERNANDEZ;usu112@gmail.com;123;0;622622622;1
CRISTINA;RUIZ;usu113@gmail.com;123;0;622622622;2
MARIA ANGELES;DIAZ;usu114@gmail.com;123;0;622622622;3
LUCIA;MORENO;usu115@gmail.com;123;0;622622622;1
MARIA ISABEL;MUÑOZ;usu116@gmail.com;123;0;622622622;2
MARIA JOSE;ALVAREZ;usu117@gmail.com;123;0;622622622;3
FRANCISCA;ROMERO;usu118@gmail.com;123;0;622622622;1
ANTONIA;GUTIERREZ;usu119@gmail.com;123;0;622622622;2
DOLORES;ALONSO;usu120@gmail.com;123;0;622622622;3
SARA;NAVARRO;usu121@gmail.com;123;0;622622622;1
PAULA;TORRES;usu122@gmail.com;123;0;622622622;2
ELENA;DOMINGUEZ;usu123@gmail.com;123;0;622622622;3
MARIA LUISA;RAMOS;usu124@gmail.com;123;0;622622622;1
RAQUEL;VAZQUEZ;usu125@gmail.com;123;0;622622622;2
ROSA MARIA;RAMIREZ;usu126@gmail.com;123;0;622622622;3
MANUELA;GIL;usu127@gmail.com;123;0;622622622;1
PILAR;SERRANO;usu128@gmail.com;123;0;622622622;2
CONCEPCION;MORALES;usu129@gmail.com;123;0;622622622;3
MARIA JESUS;MOLINA;usu130@gmail.com;123;0;622622622;1
MERCEDES;BLANCO;usu131@gmail.com;123;0;622622622;2
JULIA;SUAREZ;usu132@gmail.com;123;0;622622622;3
BEATRIZ;CASTRO;usu133@gmail.com;123;0;622622622;1
ALBA;ORTEGA;usu134@gmail.com;123;0;622622622;2
SILVIA;DELGADO;usu135@gmail.com;123;0;622622622;3
NURIA;ORTIZ;usu136@gmail.com;123;0;622622622;1
IRENE;MARIN;usu137@gmail.com;123;0;622622622;2
ROSARIO;RUBIO;usu138@gmail.com;123;0;622622622;3
PATRICIA;NUÑEZ;usu139@gmail.com;123;0;622622622;1
JUANA;SANZ;usu140@gmail.com;123;0;622622622;2
TERESA;MEDINA;usu141@gmail.com;123;0;622622622;3
ENCARNACION;IGLESIAS;usu142@gmail.com;123;0;622622622;1
ANDREA;CASTILLO;usu143@gmail.com;123;0;622622622;2
ROCIO;CORTES;usu144@gmail.com;123;0;622622622;3
MONTSERRAT;GARRIDO;usu145@gmail.com;123;0;622622622;1
MONICA;SANTOS;usu146@gmail.com;123;0;622622622;2
ALICIA;GUERRERO;usu147@gmail.com;123;0;622622622;3
MARIA MAR;LOZANO;usu148@gmail.com;123;0;622622622;1
SANDRA;CANO;usu149@gmail.com;123;0;622622622;2
SONIA;MENDEZ;usu150@gmail.com;123;0;622622622;3
MARINA;CRUZ;usu151@gmail.com;123;0;622622622;1
ROSA;PRIETO;usu152@gmail.com;123;0;622622622;2
ANGELA;FLORES;usu153@gmail.com;123;0;622622622;3
SUSANA;HERRERA;usu154@gmail.com;123;0;622622622;1
NATALIA;PEÑA;usu155@gmail.com;123;0;622622622;2
YOLANDA;LEON;usu156@gmail.com;123;0;622622622;3
MARGARITA;MARQUEZ;usu157@gmail.com;123;0;622622622;1
SOFIA;CABRERA;usu158@gmail.com;123;0;622622622;2
CLAUDIA;GALLEGO;usu159@gmail.com;123;0;622622622;3
MARIA JOSEFA;CALVO;usu160@gmail.com;123;0;622622622;1
EVA;VIDAL;usu161@gmail.com;123;0;622622622;2
CARLA;CAMPOS;usu162@gmail.com;123;0;622622622;3
MARIA ROSARIO;REYES;usu163@gmail.com;123;0;622622622;1
INMACULADA;VEGA;usu164@gmail.com;123;0;622622622;2
MARIA MERCEDES;FUENTES;usu165@gmail.com;123;0;622622622;3
ANA ISABEL;CARRASCO;usu166@gmail.com;123;0;622622622;1
NOELIA;DIEZ;usu167@gmail.com;123;0;622622622;2
ESTHER;AGUILAR;usu168@gmail.com;123;0;622622622;3
VERONICA;CABALLERO;usu169@gmail.com;123;0;622622622;1
NEREA;NIETO;usu170@gmail.com;123;0;622622622;2
CAROLINA;SANTANA;usu171@gmail.com;123;0;622622622;3
DANIELA;PASCUAL;usu172@gmail.com;123;0;622622622;1
INES;HERRERO;usu173@gmail.com;123;0;622622622;2
EVA MARIA;VARGAS;usu174@gmail.com;123;0;622622622;3
MARIA VICTORIA;GIMENEZ;usu175@gmail.com;123;0;622622622;1
ANGELES;MONTERO;usu176@gmail.com;123;0;622622622;2
MIRIAM;HIDALGO;usu177@gmail.com;123;0;622622622;3
LORENA;LORENZO;usu178@gmail.com;123;0;622622622;1
MARIA ROSA;SANTIAGO;usu179@gmail.com;123;0;622622622;2
ANA BELEN;IBAÑEZ;usu180@gmail.com;123;0;622622622;3
MARIA ELENA;DURAN;usu181@gmail.com;123;0;622622622;1
MARTINA;BENITEZ;usu182@gmail.com;123;0;622622622;2
VICTORIA;FERRER;usu183@gmail.com;123;0;622622622;3
MARIA CONCEPCION;ARIAS;usu184@gmail.com;123;0;622622622;1
AMPARO;MORA;usu185@gmail.com;123;0;622622622;2
ALEJANDRA;CARMONA;usu186@gmail.com;123;0;622622622;3
MARIA ANTONIA;VICENTE;usu187@gmail.com;123;0;622622622;1
LIDIA;ROJAS;usu188@gmail.com;123;0;622622622;2
CELIA;SOTO;usu189@gmail.com;123;0;622622622;3
CATALINA;CRESPO;usu190@gmail.com;123;0;622622622;1
MARIA NIEVES;ROMAN;usu191@gmail.com;123;0;622622622;2
FATIMA;PASTOR;usu192@gmail.com;123;0;622622622;3
AINHOA;VELASCO;usu193@gmail.com;123;0;622622622;1
OLGA;PARRA;usu194@gmail.com;123;0;622622622;2
CONSUELO;SAEZ;usu195@gmail.com;123;0;622622622;3
CLARA;MOYA;usu196@gmail.com;123;0;622622622;1
GLORIA;BRAVO;usu197@gmail.com;123;0;622622622;2
MARIA CRISTINA;SOLER;usu198@gmail.com;123;0;622622622;3
MARIA SOLEDAD;GALLARDO;usu199@gmail.com;123;0;622622622;1
ADRIANA;RIVERA;usu200@gmail.com;123;0;622622622;2
Raul ;Rodriguez;admin@medac.com;123;1;622622622;1
Jorge;Perez;admin2@medac.com;123;1;622622622;2
Isabel;Martinez;admin@mendaña,com;123;1;622622622;3
